visit_id,elevator_id,visit_date,technician,remarks
V001,E001,06/20/2026,Ahmed,Monthly PM
V002,E002,06/21/2026,Khalid,Safety Inspection
V003,E001,07/15/2026,Ahmed,Emergency Repair
V001,E004,09/22/2026,Ahmed,Monthly PM
V001,E005,03/07/2026,Ahmed,Monthly PM
V001,E006,10/30/2026,Ahmed,Monthly PM
V001,E007,09/21/2026,Ahmed,Monthly PM
V001,E008,01/24/2026,Ahmed,Monthly PM
V001,E009,06/22/2026,Ahmed,Monthly PM
V001,E010,06/16/2026,Ahmed,Monthly PM
V001,E011,06/10/2026,Ahmed,Monthly PM
V001,E012,06/02/2026,Ahmed,Monthly PM
V001,E013,01/03/2026,Ahmed,Monthly PM
V001,E014,08/27/2026,Ahmed,Monthly PM
V001,E015,05/28/2026,Ahmed,Monthly PM
V001,E016,03/19/2026,Ahmed,Monthly PM
V001,E017,09/04/2026,Ahmed,Monthly PM
V001,E018,10/02/2026,Ahmed,Monthly PM
V001,E019,08/22/2026,Ahmed,Monthly PM
V001,E020,12/17/2026,Ahmed,Monthly PM
V001,E021,07/30/2026,Ahmed,Monthly PM
V001,E022,02/13/2026,Ahmed,Monthly PM
V001,E023,01/22/2026,Ahmed,Monthly PM
V001,E024,09/24/2026,Ahmed,Monthly PM
V001,E025,12/08/2026,Ahmed,Monthly PM
V001,E026,01/04/2026,Ahmed,Monthly PM
V001,E027,11/18/2026,Ahmed,Monthly PM
V001,E028,12/19/2026,Ahmed,Monthly PM
V001,E029,03/23/2026,Ahmed,Monthly PM
V001,E030,06/27/2026,Ahmed,Monthly PM
V001,E031,11/11/2026,Ahmed,Monthly PM
V001,E032,06/13/2026,Ahmed,Monthly PM
V001,E033,07/11/2026,Ahmed,Monthly PM
V001,E034,09/14/2026,Ahmed,Monthly PM
V001,E035,09/18/2026,Ahmed,Monthly PM
V001,E036,07/04/2026,Ahmed,Monthly PM
V001,E037,01/31/2026,Ahmed,Monthly PM
V001,E038,08/01/2026,Ahmed,Monthly PM
V001,E039,08/06/2026,Ahmed,Monthly PM
V001,E040,11/02/2026,Ahmed,Monthly PM
V001,E041,07/02/2026,Ahmed,Monthly PM
V001,E042,11/16/2026,Ahmed,Monthly PM
V001,E043,03/02/2026,Ahmed,Monthly PM
V001,E044,08/16/2026,Ahmed,Monthly PM
V001,E045,12/07/2026,Ahmed,Monthly PM
V001,E046,08/17/2026,Ahmed,Monthly PM
V001,E047,10/04/2026,Ahmed,Monthly PM
V001,E048,10/28/2026,Ahmed,Monthly PM
V001,E049,03/13/2026,Ahmed,Monthly PM
V001,E050,06/13/2026,Ahmed,Monthly PM
